groupId,name,abbreviation,isSupplemental,publishedOn,modifiedOn,categoryId
24541,ME: Ascended Heroes,ASC,FALSE,2026-01-30T00:00:00,2025-12-05T20:35:51.407,3
24529,Player Placement Trainer Promos,,FALSE,2026-01-02T00:00:00,2025-11-07T21:48:17.57,3
24448,ME02: Phantasmal Flames,PFL,FALSE,2025-11-14T00:00:00,2025-12-05T13:11:56.193,3
24451,ME: Mega Evolution Promo,MEP,FALSE,2025-09-26T00:00:00,2025-12-04T18:53:09.097,3
24380,ME01: Mega Evolution,MEG,FALSE,2025-09-26T00:00:00,2025-12-05T16:59:52.787,3
24461,MEE: Mega Evolution Energies,MEE,FALSE,2025-09-26T00:00:00,2025-11-24T21:42:58.24,3
24325,SV: Black Bolt,BLK,FALSE,2025-07-18T00:00:00,2025-12-04T20:32:31.907,3
24326,SV: White Flare,WHT,FALSE,2025-07-18T00:00:00,2025-12-05T15:56:16.47,3
24269,SV10: Destined Rivals,DRI,FALSE,2025-05-30T00:00:00,2025-12-05T18:31:05.32,3
24073,SV09: Journey Together,JTG,FALSE,2025-03-28T00:00:00,2025-12-05T16:48:37.887,3
24163,McDonald's Promos 2024,M24,FALSE,2025-01-21T00:00:00,2025-11-13T14:03:41.95,3
23821,SV: Prismatic Evolutions,PRE,FALSE,2025-01-17T00:00:00,2025-12-05T19:21:24.653,3
23651,SV08: Surging Sparks,SSP,FALSE,2024-11-08T00:00:00,2025-12-05T16:29:47.81,3
23537,SV07: Stellar Crown,SCR,FALSE,2024-09-13T00:00:00,2025-12-05T19:27:37.103,3
23561,Trick or Trade BOOster Bundle 2024,TTBB24,FALSE,2024-08-30T00:00:00,2025-11-13T14:55:30.813,3
23529,SV: Shrouded Fable,SFA,FALSE,2024-08-02T00:00:00,2025-12-04T19:10:15.543,3
23520,Battle Academy 2024,BA24,FALSE,2024-06-21T00:00:00,2025-06-16T17:22:44.953,3
23473,SV06: Twilight Masquerade,TWM,FALSE,2024-05-24T00:00:00,2025-12-05T19:17:01.847,3
23381,SV05: Temporal Forces,TEF,FALSE,2024-03-22T00:00:00,2025-12-05T20:10:19.137,3
23353,SV: Paldean Fates,PAF,FALSE,2024-01-26T00:00:00,2025-12-04T12:40:18.457,3
23323,Trading Card Game Classic,CL,FALSE,2023-11-17T00:00:00,2025-12-01T22:09:48.58,3
23286,SV04: Paradox Rift,PAR,FALSE,2023-11-03T00:00:00,2025-12-08T18:39:11.527,3
23330,My First Battle,,FALSE,2023-09-29T00:00:00,2025-10-08T18:54:49.893,3
23237,SV: Scarlet & Violet 151,MEW,FALSE,2023-09-22T00:00:00,2025-12-08T17:35:08.983,3
23306,McDonald's Promos 2023,M23,FALSE,2023-09-12T00:00:00,2025-11-21T18:36:11.52,3
23266,Trick or Trade BOOster Bundle 2023,TTBB23,FALSE,2023-09-01T00:00:00,2025-11-22T02:43:31.217,3
23228,SV03: Obsidian Flames,OBF,FALSE,2023-08-11T00:00:00,2025-12-05T18:12:20.23,3
23120,SV02: Paldea Evolved,PAL,FALSE,2023-06-09T00:00:00,2025-12-05T17:04:40.497,3
22872,SV: Scarlet & Violet Promo Cards,SVP,FALSE,2023-03-31T00:00:00,2025-12-05T16:20:40.617,3
22873,SV01: Scarlet & Violet Base Set,SVI,FALSE,2023-03-31T00:00:00,2025-12-05T16:54:54.287,3
24382,SVE: Scarlet & Violet Energies,SVE,FALSE,2023-03-31T00:00:00,2025-12-05T17:21:06.103,3
17688,Crown Zenith,CRZ,FALSE,2023-01-20T00:00:00,2025-11-29T06:35:15.04,3
17689,Crown Zenith: Galarian Gallery,CRZ:GG,FALSE,2023-01-20T00:00:00,2025-12-04T13:51:40.553,3
22880,Prize Pack Series Cards,,FALSE,2022-11-30T00:00:00,2025-12-02T01:19:52.203,3
3170,SWSH12: Silver Tempest,SWSH12,FALSE,2022-11-11T00:00:00,2025-12-05T18:16:32.237,3
17674,SWSH12: Silver Tempest Trainer Gallery,SWSH12: TG,FALSE,2022-11-11T00:00:00,2025-12-04T15:03:36.34,3
3118,SWSH11: Lost Origin,SWSH11,FALSE,2022-09-09T00:00:00,2025-12-04T15:05:17.027,3
3172,SWSH11: Lost Origin Trainer Gallery,SWSH11: TG,FALSE,2022-09-09T00:00:00,2025-12-04T15:08:13.077,3
3179,Trick or Trade BOOster Bundle,TTBB,FALSE,2022-09-01T00:00:00,2025-11-22T02:44:51.24,3
3150,McDonald's Promos 2022,MCD22,FALSE,2022-08-03T00:00:00,2025-11-26T02:50:28.24,3
3064,Pokemon GO,PGO,FALSE,2022-07-01T00:00:00,2025-12-04T15:55:25.953,3
3040,SWSH10: Astral Radiance,SWSH10,FALSE,2022-05-27T00:00:00,2025-12-05T17:26:33.027,3
3068,SWSH10: Astral Radiance Trainer Gallery,SWSH10:TG,FALSE,2022-05-27T00:00:00,2025-12-04T15:14:32.553,3
3051,Battle Academy 2022,BA22,FALSE,2022-04-01T00:00:00,2025-11-13T14:49:59.71,3
2948,SWSH09: Brilliant Stars,SWSH09,FALSE,2022-02-25T00:00:00,2025-12-05T18:19:05.92,3
3020,SWSH09: Brilliant Stars Trainer Gallery,SWSH09:TG,FALSE,2022-02-25T00:00:00,2025-12-05T18:21:01.107,3
2906,SWSH08: Fusion Strike,SWSH08,FALSE,2021-11-12T00:00:00,2025-12-04T15:54:13.673,3
2867,Celebrations,CLB,FALSE,2021-10-08T00:00:00,2025-11-30T00:48:35.91,3
2931,Celebrations: Classic Collection,CCC,FALSE,2021-10-08T00:00:00,2025-12-04T18:59:09.15,3
2848,SWSH07: Evolving Skies,SWSH07,FALSE,2021-08-27T00:00:00,2025-12-05T19:15:02.663,3
2807,SWSH06: Chilling Reign,SWSH06,FALSE,2021-06-18T00:00:00,2025-12-05T16:50:49.44,3
2765,SWSH05: Battle Styles,SWSH05,FALSE,2021-03-19T00:00:00,2025-12-04T15:10:00.107,3
2776,First Partner Pack,FPP,TRUE,2021-02-26T00:00:00,2024-05-14T16:15:32.93,3
2754,Shining Fates,SHF,FALSE,2021-02-19T00:00:00,2025-12-05T18:41:24.38,3
2781,Shining Fates: Shiny Vault,SHFSV,FALSE,2021-02-19T00:00:00,2025-12-03T16:53:11.307,3
2782,McDonald's 25th Anniversary Promos,MCD21,TRUE,2021-02-09T00:00:00,2025-11-25T03:12:43.593,3
2701,SWSH04: Vivid Voltage,SWSH04,FALSE,2020-11-13T00:00:00,2025-12-02T14:18:36.633,3
2685,Champion's Path,CHP,FALSE,2020-09-25T00:00:00,2025-11-25T01:25:46.887,3
2675,SWSH03: Darkness Ablaze,SWSH03,FALSE,2020-08-14T00:00:00,2025-12-05T18:08:12.547,3
2686,Battle Academy,BTA,TRUE,2020-07-31T00:00:00,2025-10-20T16:03:28.737,3
2626,SWSH02: Rebel Clash,SWSH02,FALSE,2020-05-01T00:00:00,2025-11-29T02:58:54.07,3
2585,SWSH01: Sword & Shield Base Set,SWSH01,FALSE,2020-02-07T00:00:00,2025-12-04T02:48:55.21,3
2545,SWSH: Sword & Shield Promo Cards,SWSD,FALSE,2019-11-15T00:00:00,2025-12-04T18:15:35.223,3
2534,SM - Cosmic Eclipse,SM12,FALSE,2019-11-01T00:00:00,2025-12-02T14:09:27.29,3
2555,McDonald's Promos 2019,MCD19,FALSE,2019-10-01T00:00:00,2024-10-01T13:31:52.48,3
2480,Hidden Fates,HIF,FALSE,2019-08-23T00:00:00,2025-11-28T22:18:29.347,3
2594,Hidden Fates: Shiny Vault,HIF:SV,FALSE,2019-08-23T00:00:00,2025-12-05T19:25:25.363,3
2464,SM - Unified Minds,SM11,FALSE,2019-08-02T00:00:00,2025-11-28T22:37:10.76,3
2420,SM - Unbroken Bonds,SM10,FALSE,2019-05-03T00:00:00,2025-12-05T18:52:06.757,3
2409,Detective Pikachu,DEP,FALSE,2019-04-05T00:00:00,2025-12-05T18:39:55.01,3
2377,SM - Team Up,SM9,FALSE,2019-02-01T00:00:00,2025-12-05T12:38:36.79,3
2328,SM - Lost Thunder,SM8,FALSE,2018-11-02T00:00:00,2025-12-05T18:49:46.99,3
2364,McDonald's Promos 2018,MCD18,TRUE,2018-11-02T00:00:00,2025-11-13T14:11:18.797,3
2374,Miscellaneous Cards & Products,MCAP,TRUE,2018-11-01T00:00:00,2025-12-08T17:44:21.277,3
2295,Dragon Majesty,DRM,FALSE,2018-09-07T00:00:00,2025-11-21T01:01:13.58,3
2278,SM - Celestial Storm,CES,FALSE,2018-08-03T00:00:00,2025-11-27T08:21:30.773,3
2282,World Championship Decks,WCD,FALSE,2018-07-01T00:00:00,2025-12-04T20:39:58.167,3
2209,SM - Forbidden Light,SM06,FALSE,2018-05-04T00:00:00,2025-12-03T14:05:20.493,3
2208,SM Trainer Kit: Alolan Sandslash & Alolan Ninetales,SMK2,TRUE,2018-04-06T00:00:00,2023-01-06T21:37:31.22,3
2178,SM - Ultra Prism,SM05,FALSE,2018-02-02T00:00:00,2025-12-02T14:07:06.103,3
2148,McDonald's Promos 2017,MCD17,TRUE,2017-11-07T00:00:00,2022-09-23T15:39:06.843,3
2071,SM - Crimson Invasion,SM04,FALSE,2017-11-03T00:00:00,2025-12-04T03:03:00.197,3
2054,Shining Legends,SHL,FALSE,2017-10-06T00:00:00,2025-12-08T16:32:32.89,3
1957,SM - Burning Shadows,SM03,FALSE,2017-08-04T00:00:00,2025-12-05T18:47:16.127,3
1938,Alternate Art Promos,PR,TRUE,2017-05-19T00:00:00,2025-12-05T18:54:36.343,3
1919,SM - Guardians Rising,SM02,FALSE,2017-05-05T00:00:00,2025-12-02T20:15:04.583,3
23095,Ash vs Team Rocket Deck Kit (JP Exclusive),AVTR,FALSE,2017-04-21T00:00:00,2023-04-04T11:55:00.78,3
2069,SM Trainer Kit: Lycanroc & Alolan Raichu,SMK1,FALSE,2017-04-21T00:00:00,2025-08-04T16:53:57.113,3
1863,SM Base Set,SM01,FALSE,2017-02-03T00:00:00,2025-12-04T16:47:38.323,3
1861,SM Promos,SMP,FALSE,2016-12-14T00:00:00,2025-12-04T20:37:18.223,3
1842,XY - Evolutions,EVO,FALSE,2016-11-02T00:00:00,2025-12-03T14:12:24.113,3
1840,Deck Exclusives,PR,FALSE,2016-09-01T00:00:00,2025-12-02T04:30:09.497,3
3087,McDonald's Promos 2016,MCD16,TRUE,2016-08-05T00:00:00,2022-10-25T17:20:52.377,3
1815,XY - Steam Siege,STS,FALSE,2016-08-03T00:00:00,2025-11-29T03:54:47.023,3
1539,League & Championship Cards,PR,FALSE,2016-06-01T00:00:00,2025-12-05T19:18:53.71,3
1780,XY - Fates Collide,FCO,FALSE,2016-05-02T00:00:00,2025-11-29T00:15:31.717,3
1796,XY Trainer Kit: Pikachu Libre & Suicune,PR,FALSE,2016-04-27T00:00:00,2024-08-20T18:24:14.493,3
1728,Generations,GEN,FALSE,2016-02-22T00:00:00,2025-12-02T16:25:28.203,3
1729,Generations: Radiant Collection,GEN,FALSE,2016-02-22T00:00:00,2025-11-21T23:51:02.313,3
1701,XY - BREAKpoint,BKP,FALSE,2016-02-03T00:00:00,2025-11-21T23:45:29.267,3
1694,McDonald's Promos 2015,MCD15,FALSE,2015-11-23T00:00:00,2025-11-13T14:14:02.74,3
1661,XY - BREAKthrough,BKT,FALSE,2015-11-04T00:00:00,2025-11-29T03:06:44.52,3
1576,XY - Ancient Origins,AOR,FALSE,2015-08-12T00:00:00,2025-11-29T00:09:49.497,3
1534,XY - Roaring Skies,ROS,FALSE,2015-05-06T00:00:00,2025-12-03T05:24:41.843,3
1536,XY Trainer Kit: Latias & Latios,PR,FALSE,2015-04-29T00:00:00,2024-10-25T17:06:18,3
1528,Jumbo Cards,PR,FALSE,2015-04-01T00:00:00,2025-12-03T16:06:00.24,3
1525,Double Crisis,DCR,FALSE,2015-03-25T00:00:00,2025-12-03T05:29:20.027,3
1509,XY - Primal Clash,PRC,FALSE,2015-02-04T00:00:00,2025-12-03T22:40:21.05,3
1533,XY Trainer Kit: Bisharp & Wigglytuff,PR,FALSE,2014-11-14T00:00:00,2023-03-31T16:31:12.98,3
1494,XY - Phantom Forces,PHF,FALSE,2014-11-05T00:00:00,2025-12-03T23:26:21.463,3
1481,XY - Furious Fists,FFI,FALSE,2014-08-13T00:00:00,2025-12-03T23:50:50.113,3
1692,McDonald's Promos 2014,MCD14,FALSE,2014-05-23T00:00:00,2022-12-13T13:31:46.887,3
1464,XY - Flashfire,FLF,FALSE,2014-05-07T00:00:00,2025-12-04T00:42:33.09,3
1532,XY Trainer Kit: Sylveon & Noivern,PR,FALSE,2014-03-12T00:00:00,2024-08-20T18:24:52.08,3
1387,XY Base Set,XY,FALSE,2014-02-05T00:00:00,2025-12-08T12:41:43.903,3
1451,XY Promos,PR,FALSE,2013-12-16T00:00:00,2025-11-29T23:56:11.073,3
1522,Kalos Starter Set,KSS,FALSE,2013-11-08T00:00:00,2022-12-14T16:18:51.623,3
1409,Legendary Treasures,LTR,FALSE,2013-11-06T00:00:00,2025-12-04T05:10:05.147,3
1465,Legendary Treasures: Radiant Collection,LTR,FALSE,2013-11-06T00:00:00,2025-11-29T04:25:16.857,3
1370,Plasma Blast,PLB,FALSE,2013-08-14T00:00:00,2025-12-04T05:24:47.243,3
1382,Plasma Freeze,PLF,FALSE,2013-05-08T00:00:00,2025-12-04T05:45:09.97,3
1413,Plasma Storm,PLS,FALSE,2013-02-06T00:00:00,2025-12-04T22:52:24.32,3
1408,Boundaries Crossed,BCR,FALSE,2012-11-07T00:00:00,2025-12-04T23:34:25.913,3
1426,Dragon Vault,DRV,FALSE,2012-10-05T00:00:00,2023-08-29T12:38:19.02,3
1394,Dragons Exalted,DRX,FALSE,2012-08-15T00:00:00,2025-12-04T22:17:15.307,3
1427,McDonald's Promos 2012,,FALSE,2012-06-15T00:00:00,2022-11-17T21:11:14.983,3
1386,Dark Explorers,DEX,FALSE,2012-05-09T00:00:00,2025-11-26T03:05:03.047,3
1412,Next Destinies,NXD,FALSE,2012-02-08T00:00:00,2025-11-24T14:17:28.77,3
1385,Noble Victories,NVI,FALSE,2011-11-16T00:00:00,2025-11-29T01:42:07.227,3
1538,BW Trainer Kit: Excadrill & Zoroark,BLW,FALSE,2011-09-05T00:00:00,2024-11-13T20:34:29.653,3
1424,Emerging Powers,EPO,FALSE,2011-08-31T00:00:00,2025-12-01T23:24:35.59,3
1401,McDonald's Promos 2011,,FALSE,2011-06-17T00:00:00,2025-11-13T14:21:49.313,3
1400,Black and White,BLW,FALSE,2011-04-25T00:00:00,2025-12-03T17:25:33.417,3
1407,Black and White Promos,PR,FALSE,2011-04-25T00:00:00,2025-11-21T18:09:55.84,3
1415,Call of Legends,CL,FALSE,2011-02-09T00:00:00,2025-11-29T03:08:50.503,3
2332,Professor Program Promos,PPP,TRUE,2011-01-07T00:00:00,2025-11-21T15:21:34.837,3
1381,Triumphant,TM,FALSE,2010-11-03T00:00:00,2025-11-11T05:00:32.487,3
1403,Undaunted,UD,FALSE,2010-08-18T00:00:00,2025-11-21T18:27:04.58,3
2205,Pikachu World Collection Promos,PWCP,TRUE,2010-07-08T00:00:00,2021-12-10T14:04:09.17,3
1540,HGSS Trainer Kit: Gyarados & Raichu,PR,FALSE,2010-05-12T00:00:00,2023-12-20T19:38:47.463,3
1399,Unleashed,UL,FALSE,2010-05-12T00:00:00,2025-12-02T05:38:06.9,3
1402,HeartGold SoulSilver,HS,FALSE,2010-02-10T00:00:00,2025-12-02T22:14:11.94,3
1453,HGSS Promos,PR,FALSE,2010-02-01T00:00:00,2025-12-03T12:48:35.167,3
1433,Rumble,RUM,FALSE,2009-11-16T00:00:00,2022-11-17T21:25:24.627,3
1391,Arceus,AR,FALSE,2009-11-04T00:00:00,2025-11-24T16:27:33.423,3
1384,Supreme Victors,SV,FALSE,2009-08-19T00:00:00,2025-11-21T23:05:54.833,3
1367,Rising Rivals,RR,FALSE,2009-05-16T00:00:00,2025-11-24T13:00:31.27,3
2175,Burger King Promos,BKP,TRUE,2009-04-03T00:00:00,2025-04-23T14:20:16.637,3
1406,Platinum,PL,FALSE,2009-02-11T00:00:00,2025-11-29T01:41:30.14,3
1369,Stormfront,SF,FALSE,2008-11-05T00:00:00,2025-11-20T07:01:54.143,3
2155,Countdown Calendar Promos,CCP,TRUE,2008-10-01T00:00:00,2022-09-21T19:48:30.323,3
1417,Legends Awakened,LA,FALSE,2008-08-20T00:00:00,2025-12-04T18:57:59.753,3
1390,Majestic Dawn,MD,FALSE,2008-05-21T00:00:00,2025-11-20T05:11:01.18,3
1405,Great Encounters,GE,FALSE,2008-02-13T00:00:00,2025-11-14T21:51:43.913,3
1380,Secret Wonders,SW,FALSE,2007-11-07T00:00:00,2025-12-02T01:16:35.93,3
609,DP Training Kit 1 Blue,PR,FALSE,2007-09-24T00:00:00,2023-02-16T15:35:27.873,3
610,DP Training Kit 1 Gold,PR,FALSE,2007-09-24T00:00:00,2023-02-16T15:42:26.723,3
1541,DP Trainer Kit: Manaphy & Lucario,PR,FALSE,2007-09-03T00:00:00,2024-10-14T11:32:25.06,3
1368,Mysterious Treasures,MT,FALSE,2007-08-22T00:00:00,2025-11-19T22:31:01.4,3
1430,Diamond and Pearl,DP,FALSE,2007-05-23T00:00:00,2025-11-20T03:18:25.69,3
1421,Diamond and Pearl Promos,PR,FALSE,2007-05-01T00:00:00,2025-11-20T15:52:59.61,3
1383,Power Keepers,PK,FALSE,2007-02-01T00:00:00,2025-11-19T23:34:54.853,3
1411,Dragon Frontiers,DF,FALSE,2006-11-08T00:00:00,2025-11-20T01:45:25.3,3
1395,Crystal Guardians,CG,FALSE,2006-08-30T00:00:00,2025-11-20T01:07:25.737,3
1379,Holon Phantoms,HP,FALSE,2006-05-03T00:00:00,2025-11-20T01:48:22.11,3
1378,Legend Maker,LM,FALSE,2006-02-13T00:00:00,2025-11-20T02:53:17.637,3
1429,Delta Species,DS,FALSE,2005-10-31T00:00:00,2025-11-29T03:19:32.107,3
1398,Unseen Forces,UF,FALSE,2005-08-22T00:00:00,2025-11-20T03:44:09.08,3
1410,Emerald,EM,FALSE,2005-05-09T00:00:00,2025-11-20T21:47:17.573,3
1404,Deoxys,DX,FALSE,2005-02-14T00:00:00,2025-12-02T03:05:25.027,3
1428,Team Rocket Returns,RR,FALSE,2004-11-01T00:00:00,2025-12-02T02:53:18.093,3
1853,EX Battle Stadium,BST,FALSE,2004-10-18T00:00:00,2025-11-30T01:33:26.46,3
1419,FireRed & LeafGreen,RG,FALSE,2004-08-30T00:00:00,2025-12-01T22:56:34.873,3
2214,Kids WB Promos,KWBP,FALSE,2004-07-02T00:00:00,2022-09-26T18:33:37.613,3
1416,Hidden Legends,HL,FALSE,2004-06-14T00:00:00,2025-12-01T23:04:02.47,3
1377,Team Magma vs Team Aqua,MA,FALSE,2004-03-15T00:00:00,2025-12-01T23:53:04.953,3
1376,Dragon,DR,FALSE,2003-11-24T00:00:00,2025-12-02T22:18:00.023,3
1392,Sandstorm,SS,FALSE,2003-09-18T00:00:00,2025-12-01T23:55:20.293,3
1393,Ruby and Sapphire,RS,FALSE,2003-06-18T00:00:00,2025-12-01T22:39:48.073,3
1372,Skyridge,SK,FALSE,2003-05-12T00:00:00,2025-12-02T02:38:27.51,3
1397,Aquapolis,AQ,FALSE,2003-01-15T00:00:00,2025-11-24T21:21:34.13,3
1455,Best of Promos,PR,FALSE,2002-12-01T00:00:00,2025-11-24T20:25:53.33,3
1375,Expedition,EX,FALSE,2002-09-15T00:00:00,2025-12-01T23:54:33.317,3
24493,e-Reader Sample Cards,SAMPLE,FALSE,2002-08-02T00:00:00,2025-11-04T16:39:55.377,3
1374,Legendary Collection,LC,FALSE,2002-05-24T00:00:00,2025-11-29T03:12:48.18,3
1444,Neo Destiny,N4,FALSE,2002-02-28T00:00:00,2025-11-25T22:23:24.09,3
1389,Neo Revelation,N3,FALSE,2001-09-21T00:00:00,2025-11-22T03:46:58.53,3
648,Southern Islands,SI,FALSE,2001-07-31T00:00:00,2025-01-13T18:34:58.453,3
1434,Neo Discovery,N2,FALSE,2001-06-01T00:00:00,2025-12-03T14:01:51.59,3
1396,Neo Genesis,N1,FALSE,2000-12-16T00:00:00,2025-11-29T03:14:10.233,3
1440,Gym Challenge,G2,FALSE,2000-10-16T00:00:00,2025-12-02T17:15:36.71,3
1441,Gym Heroes,G1,FALSE,2000-10-14T00:00:00,2025-12-03T12:54:53.693,3
1373,Team Rocket,TR,FALSE,2000-04-24T00:00:00,2025-12-02T20:17:01.913,3
605,Base Set 2,BS2,FALSE,2000-02-24T00:00:00,2025-12-02T01:10:28.84,3
630,Fossil,FO,FALSE,1999-10-10T00:00:00,2025-12-08T17:23:07.01,3
1418,WoTC Promo,PR,FALSE,1999-07-01T00:00:00,2025-12-04T13:54:54.95,3
635,Jungle,JU,FALSE,1999-06-16T00:00:00,2025-11-29T03:18:21.277,3
604,Base Set,BS,FALSE,1999-01-09T00:00:00,2025-11-29T03:26:56.117,3
1663,Base Set (Shadowless),BSS,FALSE,1999-01-09T00:00:00,2025-11-29T03:25:32.267,3
2289,Blister Exclusives,BLE,TRUE,1998-02-27T00:00:00,2025-11-29T00:08:18.56,3
1543,EX Trainer Kit 1: Latias & Latios,PR,FALSE,2025-12-08T20:00:05.8093995Z,2025-08-21T16:20:14.833,3
1542,EX Trainer Kit 2: Plusle & Minun,PR,FALSE,2025-12-08T20:00:05.8250419Z,2024-05-03T19:42:49.017,3
1423,Nintendo Promos,PR,FALSE,2025-12-08T20:00:05.8250419Z,2025-11-25T16:50:56.497,3
1422,POP Series 1,POP,FALSE,2025-12-08T20:00:05.8250419Z,2025-03-17T17:09:52.317,3
1447,POP Series 2,POP,FALSE,2025-12-08T20:00:05.8250419Z,2025-11-12T14:26:44.223,3
1442,POP Series 3,POP,FALSE,2025-12-08T20:00:05.8250419Z,2025-11-17T14:05:43.473,3
1452,POP Series 4,POP,FALSE,2025-12-08T20:00:05.8250419Z,2023-02-01T15:02:28.727,3
1439,POP Series 5,POP,FALSE,2025-12-08T20:00:05.8250419Z,2024-03-23T21:26:09.477,3
1432,POP Series 6,POP,FALSE,2025-12-08T20:00:05.8250419Z,2025-11-20T07:00:15.483,3
1414,POP Series 7,POP,FALSE,2025-12-08T20:00:05.8250419Z,2025-01-08T07:03:26.94,3
1450,POP Series 8,POP,FALSE,2025-12-08T20:00:05.8250419Z,2025-11-20T01:24:25.957,3
1446,POP Series 9,POP,FALSE,2025-12-08T20:00:05.8250419Z,2025-11-12T14:38:03.08,3
